<ROSETTASCRIPTS>
  <SCOREFXNS>
    <ScoreFunction name="sfxn" weights="ref2015"/>  # Score function without constraints
    <ScoreFunction name="sfxn_cc" weights="ref2015">   # Reweight the score function to include coordinate constraints
      <Reweight scoretype="coordinate_constraint" weight="1.0"/>
    </ScoreFunction>
    <ScoreFunction name="sfxn_cart" weights="ref2015_cart"/>    # Score function without constraints
    <ScoreFunction name="sfxn_cart_cc" weights="ref2015_cart"> # Reweight the score function to include coordinate constraints
      <Reweight scoretype="coordinate_constraint" weight="1.0"/>
    </ScoreFunction>
  </SCOREFXNS>
  <RESIDUE_SELECTORS>
  </RESIDUE_SELECTORS>
  <TASKOPERATIONS>
    <InitializeFromCommandline name="ifcl_to"/> # Accept command-line options
    <IncludeCurrent name="incl_curr_to"/> # Include rotamer from input structure during packing
    <RestrictToRepacking name="repack_only" /> # Turn off design at these positions. Only repack and minimize
    <ExtraRotamersGeneric name="ex12_to" ex1="1" ex2="1" extrachi_cutoff="0"/> # Include additional rotamers during repacking
  </TASKOPERATIONS>
  <CONSTRAINT_GENERATORS>
    <CoordinateConstraintGenerator name="all_bb_ca_cc" sd="2" ca_only="true" />       # Add backbone constraints (C_alpha-only) for all residues
  </CONSTRAINT_GENERATORS>
  <MOVERS>
    <VirtualRoot name="vr" />
    <AddConstraints name="cc" constraint_generators="all_bb_ca_cc" />
    <FastRelax name="relax_atomTree" scorefxn="sfxn_cc" repeats="1" relaxscript="MonomerRelax2019" task_operations="ifcl_to,incl_curr_to,repack_only,ex12_to" cartesian="false" />
    <FastRelax name="relax_cart" scorefxn="sfxn_cart" repeats="3" relaxscript="MonomerRelax2019" task_operations="ifcl_to,incl_curr_to,repack_only,ex12_to" cartesian="true" />
  </MOVERS>
  <PROTOCOLS>
    <Add mover="vr"/>
    <Add mover="cc"/>
    <Add mover="relax_atomTree"/>
    <Add mover="relax_cart"/>
  </PROTOCOLS>
  <OUTPUT scorefxn="sfxn"/> # Output score without penalties from constraints (cc/cc2)
</ROSETTASCRIPTS>
