<JobDefinitionFile> 
  <Job nstruct="10">
    <Output>
      <PDB path="AB[3]/0.0_bonus"/>
    </Output>
    <SecondaryOutput>
      <ScoreFile path="AB[3]/0.0_bonus" filename="score.sc"/>
    </SecondaryOutput>
    <Options>
      <parser__script_vars value="fav_nat=0.0 seed=3,34 keep=999999 aa_subs=ADEFGHIKLMNPQRSTVWY"/>
    </Options>
  </Job>
  <Job nstruct="10">
    <Output>
      <PDB path="AB[3]/5.0_bonus"/>
    </Output>
    <SecondaryOutput>
      <ScoreFile path="AB[3]/5.0_bonus" filename="score.sc"/>
    </SecondaryOutput>
    <Options>
      <parser__script_vars value="fav_nat=5.0 seed=3,34 keep=999999 aa_subs=ADEFGHIKLMNPQRSTVWY"/>
    </Options>
  </Job>
  <Job nstruct="10">
    <Output>
      <PDB path="AB[3]/wt_sim"/>
    </Output>
    <SecondaryOutput>
      <ScoreFile path="AB[3]/wt_sim" filename="score.sc"/>
    </SecondaryOutput>
    <Options>
      <parser__script_vars value="fav_nat=0 seed=3,34 keep=1-62 aa_subs=ADEFGHIKLMNPQRSTVWY"/>
    </Options>
  </Job>
  <Job nstruct="10">
    <Output>
      <PDB path="AB[17]/0.0_bonus"/>
    </Output>
    <SecondaryOutput>
      <ScoreFile path="AB[17]/0.0_bonus" filename="score.sc"/>
    </SecondaryOutput>
    <Options>
      <parser__script_vars value="fav_nat=0.0 seed=17,48 keep=999999 aa_subs=ADEFGHIKLMNPQRSTVWY"/>
    </Options>
  </Job>
  <Job nstruct="10">
    <Output>
      <PDB path="AB[17]/5.0_bonus"/>
    </Output>
    <SecondaryOutput>
      <ScoreFile path="AB[17]/5.0_bonus" filename="score.sc"/>
    </SecondaryOutput>
    <Options>
      <parser__script_vars value="fav_nat=5.0 seed=17,48 keep=999999 aa_subs=ADEFGHIKLMNPQRSTVWY"/>
    </Options>
  </Job>
  <Job nstruct="10">
    <Output>
      <PDB path="AB[17]/wt_sim"/>
    </Output>
    <SecondaryOutput>
      <ScoreFile path="AB[17]/wt_sim" filename="score.sc"/>
    </SecondaryOutput>
    <Options>
      <parser__script_vars value="fav_nat=0 seed=17,48 keep=1-62 aa_subs=ADEFGHIKLMNPQRSTVWY"/>
    </Options>
  </Job>
  <Job nstruct="10">
    <Output>
      <PDB path="AB[21]/0.0_bonus"/>
    </Output>
    <SecondaryOutput>
      <ScoreFile path="AB[21]/0.0_bonus" filename="score.sc"/>
    </SecondaryOutput>
    <Options>
      <parser__script_vars value="fav_nat=0.0 seed=21,52 keep=999999 aa_subs=ADEFGHIKLMNPQRSTVWY"/>
    </Options>
  </Job>
  <Job nstruct="10">
    <Output>
      <PDB path="AB[21]/5.0_bonus"/>
    </Output>
    <SecondaryOutput>
      <ScoreFile path="AB[21]/5.0_bonus" filename="score.sc"/>
    </SecondaryOutput>
    <Options>
      <parser__script_vars value="fav_nat=5.0 seed=21,52 keep=999999 aa_subs=ADEFGHIKLMNPQRSTVWY"/>
    </Options>
  </Job>
  <Job nstruct="10">
    <Output>
      <PDB path="AB[21]/wt_sim"/>
    </Output>
    <SecondaryOutput>
      <ScoreFile path="AB[21]/wt_sim" filename="score.sc"/>
    </SecondaryOutput>
    <Options>
      <parser__script_vars value="fav_nat=0 seed=21,52 keep=1-62 aa_subs=ADEFGHIKLMNPQRSTVWY"/>
    </Options>
  </Job>
</JobDefinitionFile> 
