Seed,Native Bonus,Delta Energy / Num Mutations,Num Mutations,Total Score,Mutations (PDB Numbering), Pymol Selector of Mutations (PDB Numbering), Mutations (Pose Numbering),Model Name
AB[3],0.0,-1.06,8,-240.13,A[M2A] A[K3D] A[Q4E] A[D7K] B[M2A] B[K3D] B[Q4E] B[D7K],2+3+4+7+2+3+4+7,A[M2A] A[K3D] A[Q4E] A[D7K] B[M33A] B[K34D] B[Q35E] B[D38K],seed_AB\[3\]_nat0.0.pdb
AB[3],5.0,0.00,0,-232.32,none,none,none,seed_AB\[3\]_nat5.0.pdb
AB[17],0.0,-0.81,12,-246.51,A[S14T] A[N16L] A[Y17D] A[H18I] A[E20L] A[N21K] B[S14T] B[N16L] B[Y17D] B[H18I] B[E20L] B[N21K],14+16+17+18+20+21+14+16+17+18+20+21,A[S14T] A[N16L] A[Y17D] A[H18I] A[E20L] A[N21K] B[S45T] B[N47L] B[Y48D] B[H49I] B[E51L] B[N52K],seed_AB\[17\]_nat0.0.pdb
AB[17],5.0,0.00,0,-235.91,none,none,none,seed_AB\[17\]_nat5.0.pdb
AB[21],0.0,-0.43,12,-242.03,A[Y17K] A[H18T] A[N21E] A[E22I] A[A24K] A[R25T] B[Y17K] B[H18T] B[N21E] B[E22I] B[A24K] B[R25T],17+18+21+22+24+25+17+18+21+22+24+25,A[Y17K] A[H18T] A[N21E] A[E22I] A[A24K] A[R25T] B[Y48K] B[H49T] B[N52E] B[E53I] B[A55K] B[R56T],seed_AB\[21\]_nat0.0.pdb
AB[21],5.0,0.00,0,-237.11,none,none,none,seed_AB\[21\]_nat5.0.pdb