Mutation Name,Delta Energy (mutant-WT),Chain ID,WT Residue,Position,Mutant Residue,Rosetta Number,Rosetta Number,Model Name
AB[N16G],6.89,AB,N,16,G,16,47,AB\[N16G\].pdb
AB[N16P],37.85,AB,N,16,P,16,47,AB\[N16P\].pdb
AB[N16C],-2.45,AB,N,16,C,16,47,AB\[N16C\].pdb
AB[N16A],-1.99,AB,N,16,A,16,47,AB\[N16A\].pdb
AB[N16V],-6.41,AB,N,16,V,16,47,AB\[N16V\].pdb
AB[N16I],-3.74,AB,N,16,I,16,47,AB\[N16I\].pdb
AB[N16L],-5.14,AB,N,16,L,16,47,AB\[N16L\].pdb
AB[N16M],-5.00,AB,N,16,M,16,47,AB\[N16M\].pdb
AB[N16F],-5.35,AB,N,16,F,16,47,AB\[N16F\].pdb
AB[N16Y],-7.26,AB,N,16,Y,16,47,AB\[N16Y\].pdb
AB[N16W],-1.77,AB,N,16,W,16,47,AB\[N16W\].pdb
AB[N16S],1.81,AB,N,16,S,16,47,AB\[N16S\].pdb
AB[N16T],-2.24,AB,N,16,T,16,47,AB\[N16T\].pdb
AB[N16N],0.00,AB,N,16,N,16,47,AB\[N16N\].pdb
AB[N16Q],-1.09,AB,N,16,Q,16,47,AB\[N16Q\].pdb
AB[N16H],0.94,AB,N,16,H,16,47,AB\[N16H\].pdb
AB[N16K],-3.69,AB,N,16,K,16,47,AB\[N16K\].pdb
AB[N16R],-2.33,AB,N,16,R,16,47,AB\[N16R\].pdb
AB[N16D],2.56,AB,N,16,D,16,47,AB\[N16D\].pdb
AB[N16E],2.02,AB,N,16,E,16,47,AB\[N16E\].pdb
AB[Y17G],3.56,AB,Y,17,G,17,48,AB\[Y17G\].pdb
AB[Y17P],31.17,AB,Y,17,P,17,48,AB\[Y17P\].pdb
AB[Y17C],3.43,AB,Y,17,C,17,48,AB\[Y17C\].pdb
AB[Y17A],-0.62,AB,Y,17,A,17,48,AB\[Y17A\].pdb
AB[Y17V],0.30,AB,Y,17,V,17,48,AB\[Y17V\].pdb
AB[Y17I],-0.45,AB,Y,17,I,17,48,AB\[Y17I\].pdb
AB[Y17L],-0.36,AB,Y,17,L,17,48,AB\[Y17L\].pdb
AB[Y17M],1.85,AB,Y,17,M,17,48,AB\[Y17M\].pdb
AB[Y17F],1.16,AB,Y,17,F,17,48,AB\[Y17F\].pdb
AB[Y17Y],0.00,AB,Y,17,Y,17,48,AB\[Y17Y\].pdb
AB[Y17W],-0.87,AB,Y,17,W,17,48,AB\[Y17W\].pdb
AB[Y17S],-0.72,AB,Y,17,S,17,48,AB\[Y17S\].pdb
AB[Y17T],-1.18,AB,Y,17,T,17,48,AB\[Y17T\].pdb
AB[Y17N],0.32,AB,Y,17,N,17,48,AB\[Y17N\].pdb
AB[Y17Q],0.04,AB,Y,17,Q,17,48,AB\[Y17Q\].pdb
AB[Y17H],1.89,AB,Y,17,H,17,48,AB\[Y17H\].pdb
AB[Y17K],-1.78,AB,Y,17,K,17,48,AB\[Y17K\].pdb
AB[Y17R],-1.36,AB,Y,17,R,17,48,AB\[Y17R\].pdb
AB[Y17D],1.25,AB,Y,17,D,17,48,AB\[Y17D\].pdb
AB[Y17E],-0.79,AB,Y,17,E,17,48,AB\[Y17E\].pdb
AB[N21G],3.23,AB,N,21,G,21,52,AB\[N21G\].pdb
AB[N21P],34.12,AB,N,21,P,21,52,AB\[N21P\].pdb
AB[N21C],3.79,AB,N,21,C,21,52,AB\[N21C\].pdb
AB[N21A],-0.35,AB,N,21,A,21,52,AB\[N21A\].pdb
AB[N21V],0.05,AB,N,21,V,21,52,AB\[N21V\].pdb
AB[N21I],-0.81,AB,N,21,I,21,52,AB\[N21I\].pdb
AB[N21L],-2.33,AB,N,21,L,21,52,AB\[N21L\].pdb
AB[N21M],-1.01,AB,N,21,M,21,52,AB\[N21M\].pdb
AB[N21F],4.14,AB,N,21,F,21,52,AB\[N21F\].pdb
AB[N21Y],2.87,AB,N,21,Y,21,52,AB\[N21Y\].pdb
AB[N21W],1.70,AB,N,21,W,21,52,AB\[N21W\].pdb
AB[N21S],-0.28,AB,N,21,S,21,52,AB\[N21S\].pdb
AB[N21T],-1.40,AB,N,21,T,21,52,AB\[N21T\].pdb
AB[N21N],0.00,AB,N,21,N,21,52,AB\[N21N\].pdb
AB[N21Q],0.28,AB,N,21,Q,21,52,AB\[N21Q\].pdb
AB[N21H],1.33,AB,N,21,H,21,52,AB\[N21H\].pdb
AB[N21K],-1.52,AB,N,21,K,21,52,AB\[N21K\].pdb
AB[N21R],0.13,AB,N,21,R,21,52,AB\[N21R\].pdb
AB[N21D],-0.77,AB,N,21,D,21,52,AB\[N21D\].pdb
AB[N21E],-2.61,AB,N,21,E,21,52,AB\[N21E\].pdb