<JobDefinitionFile> 
  <Job nstruct="5">
    <Output>
      <PDB path="AB[16]/G"/>
    </Output>
    <SecondaryOutput>
      <ScoreFile path="AB[16]/G" filename="score.sc"/>
    </SecondaryOutput>
    <Options>
      <parser__script_vars value="pos1=16,47 aa=GLY"/>
    </Options>
  </Job>
  <Job nstruct="5">
    <Output>
      <PDB path="AB[16]/P"/>
    </Output>
    <SecondaryOutput>
      <ScoreFile path="AB[16]/P" filename="score.sc"/>
    </SecondaryOutput>
    <Options>
      <parser__script_vars value="pos1=16,47 aa=PRO"/>
    </Options>
  </Job>
  <Job nstruct="5">
    <Output>
      <PDB path="AB[16]/C"/>
    </Output>
    <SecondaryOutput>
      <ScoreFile path="AB[16]/C" filename="score.sc"/>
    </SecondaryOutput>
    <Options>
      <parser__script_vars value="pos1=16,47 aa=CYS"/>
    </Options>
  </Job>
  <Job nstruct="5">
    <Output>
      <PDB path="AB[16]/A"/>
    </Output>
    <SecondaryOutput>
      <ScoreFile path="AB[16]/A" filename="score.sc"/>
    </SecondaryOutput>
    <Options>
      <parser__script_vars value="pos1=16,47 aa=ALA"/>
    </Options>
  </Job>
  <Job nstruct="5">
    <Output>
      <PDB path="AB[16]/V"/>
    </Output>
    <SecondaryOutput>
      <ScoreFile path="AB[16]/V" filename="score.sc"/>
    </SecondaryOutput>
    <Options>
      <parser__script_vars value="pos1=16,47 aa=VAL"/>
    </Options>
  </Job>
  <Job nstruct="5">
    <Output>
      <PDB path="AB[16]/I"/>
    </Output>
    <SecondaryOutput>
      <ScoreFile path="AB[16]/I" filename="score.sc"/>
    </SecondaryOutput>
    <Options>
      <parser__script_vars value="pos1=16,47 aa=ILE"/>
    </Options>
  </Job>
  <Job nstruct="5">
    <Output>
      <PDB path="AB[16]/L"/>
    </Output>
    <SecondaryOutput>
      <ScoreFile path="AB[16]/L" filename="score.sc"/>
    </SecondaryOutput>
    <Options>
      <parser__script_vars value="pos1=16,47 aa=LEU"/>
    </Options>
  </Job>
  <Job nstruct="5">
    <Output>
      <PDB path="AB[16]/M"/>
    </Output>
    <SecondaryOutput>
      <ScoreFile path="AB[16]/M" filename="score.sc"/>
    </SecondaryOutput>
    <Options>
      <parser__script_vars value="pos1=16,47 aa=MET"/>
    </Options>
  </Job>
  <Job nstruct="5">
    <Output>
      <PDB path="AB[16]/F"/>
    </Output>
    <SecondaryOutput>
      <ScoreFile path="AB[16]/F" filename="score.sc"/>
    </SecondaryOutput>
    <Options>
      <parser__script_vars value="pos1=16,47 aa=PHE"/>
    </Options>
  </Job>
  <Job nstruct="5">
    <Output>
      <PDB path="AB[16]/Y"/>
    </Output>
    <SecondaryOutput>
      <ScoreFile path="AB[16]/Y" filename="score.sc"/>
    </SecondaryOutput>
    <Options>
      <parser__script_vars value="pos1=16,47 aa=TYR"/>
    </Options>
  </Job>
  <Job nstruct="5">
    <Output>
      <PDB path="AB[16]/W"/>
    </Output>
    <SecondaryOutput>
      <ScoreFile path="AB[16]/W" filename="score.sc"/>
    </SecondaryOutput>
    <Options>
      <parser__script_vars value="pos1=16,47 aa=TRP"/>
    </Options>
  </Job>
  <Job nstruct="5">
    <Output>
      <PDB path="AB[16]/S"/>
    </Output>
    <SecondaryOutput>
      <ScoreFile path="AB[16]/S" filename="score.sc"/>
    </SecondaryOutput>
    <Options>
      <parser__script_vars value="pos1=16,47 aa=SER"/>
    </Options>
  </Job>
  <Job nstruct="5">
    <Output>
      <PDB path="AB[16]/T"/>
    </Output>
    <SecondaryOutput>
      <ScoreFile path="AB[16]/T" filename="score.sc"/>
    </SecondaryOutput>
    <Options>
      <parser__script_vars value="pos1=16,47 aa=THR"/>
    </Options>
  </Job>
  <Job nstruct="5">
    <Output>
      <PDB path="AB[16]/N"/>
    </Output>
    <SecondaryOutput>
      <ScoreFile path="AB[16]/N" filename="score.sc"/>
    </SecondaryOutput>
    <Options>
      <parser__script_vars value="pos1=16,47 aa=ASN"/>
    </Options>
  </Job>
  <Job nstruct="5">
    <Output>
      <PDB path="AB[16]/Q"/>
    </Output>
    <SecondaryOutput>
      <ScoreFile path="AB[16]/Q" filename="score.sc"/>
    </SecondaryOutput>
    <Options>
      <parser__script_vars value="pos1=16,47 aa=GLN"/>
    </Options>
  </Job>
  <Job nstruct="5">
    <Output>
      <PDB path="AB[16]/H"/>
    </Output>
    <SecondaryOutput>
      <ScoreFile path="AB[16]/H" filename="score.sc"/>
    </SecondaryOutput>
    <Options>
      <parser__script_vars value="pos1=16,47 aa=HIS"/>
    </Options>
  </Job>
  <Job nstruct="5">
    <Output>
      <PDB path="AB[16]/K"/>
    </Output>
    <SecondaryOutput>
      <ScoreFile path="AB[16]/K" filename="score.sc"/>
    </SecondaryOutput>
    <Options>
      <parser__script_vars value="pos1=16,47 aa=LYS"/>
    </Options>
  </Job>
  <Job nstruct="5">
    <Output>
      <PDB path="AB[16]/R"/>
    </Output>
    <SecondaryOutput>
      <ScoreFile path="AB[16]/R" filename="score.sc"/>
    </SecondaryOutput>
    <Options>
      <parser__script_vars value="pos1=16,47 aa=ARG"/>
    </Options>
  </Job>
  <Job nstruct="5">
    <Output>
      <PDB path="AB[16]/D"/>
    </Output>
    <SecondaryOutput>
      <ScoreFile path="AB[16]/D" filename="score.sc"/>
    </SecondaryOutput>
    <Options>
      <parser__script_vars value="pos1=16,47 aa=ASP"/>
    </Options>
  </Job>
  <Job nstruct="5">
    <Output>
      <PDB path="AB[16]/E"/>
    </Output>
    <SecondaryOutput>
      <ScoreFile path="AB[16]/E" filename="score.sc"/>
    </SecondaryOutput>
    <Options>
      <parser__script_vars value="pos1=16,47 aa=GLU"/>
    </Options>
  </Job>
  <Job nstruct="5">
    <Output>
      <PDB path="AB[17]/G"/>
    </Output>
    <SecondaryOutput>
      <ScoreFile path="AB[17]/G" filename="score.sc"/>
    </SecondaryOutput>
    <Options>
      <parser__script_vars value="pos1=17,48 aa=GLY"/>
    </Options>
  </Job>
  <Job nstruct="5">
    <Output>
      <PDB path="AB[17]/P"/>
    </Output>
    <SecondaryOutput>
      <ScoreFile path="AB[17]/P" filename="score.sc"/>
    </SecondaryOutput>
    <Options>
      <parser__script_vars value="pos1=17,48 aa=PRO"/>
    </Options>
  </Job>
  <Job nstruct="5">
    <Output>
      <PDB path="AB[17]/C"/>
    </Output>
    <SecondaryOutput>
      <ScoreFile path="AB[17]/C" filename="score.sc"/>
    </SecondaryOutput>
    <Options>
      <parser__script_vars value="pos1=17,48 aa=CYS"/>
    </Options>
  </Job>
  <Job nstruct="5">
    <Output>
      <PDB path="AB[17]/A"/>
    </Output>
    <SecondaryOutput>
      <ScoreFile path="AB[17]/A" filename="score.sc"/>
    </SecondaryOutput>
    <Options>
      <parser__script_vars value="pos1=17,48 aa=ALA"/>
    </Options>
  </Job>
  <Job nstruct="5">
    <Output>
      <PDB path="AB[17]/V"/>
    </Output>
    <SecondaryOutput>
      <ScoreFile path="AB[17]/V" filename="score.sc"/>
    </SecondaryOutput>
    <Options>
      <parser__script_vars value="pos1=17,48 aa=VAL"/>
    </Options>
  </Job>
  <Job nstruct="5">
    <Output>
      <PDB path="AB[17]/I"/>
    </Output>
    <SecondaryOutput>
      <ScoreFile path="AB[17]/I" filename="score.sc"/>
    </SecondaryOutput>
    <Options>
      <parser__script_vars value="pos1=17,48 aa=ILE"/>
    </Options>
  </Job>
  <Job nstruct="5">
    <Output>
      <PDB path="AB[17]/L"/>
    </Output>
    <SecondaryOutput>
      <ScoreFile path="AB[17]/L" filename="score.sc"/>
    </SecondaryOutput>
    <Options>
      <parser__script_vars value="pos1=17,48 aa=LEU"/>
    </Options>
  </Job>
  <Job nstruct="5">
    <Output>
      <PDB path="AB[17]/M"/>
    </Output>
    <SecondaryOutput>
      <ScoreFile path="AB[17]/M" filename="score.sc"/>
    </SecondaryOutput>
    <Options>
      <parser__script_vars value="pos1=17,48 aa=MET"/>
    </Options>
  </Job>
  <Job nstruct="5">
    <Output>
      <PDB path="AB[17]/F"/>
    </Output>
    <SecondaryOutput>
      <ScoreFile path="AB[17]/F" filename="score.sc"/>
    </SecondaryOutput>
    <Options>
      <parser__script_vars value="pos1=17,48 aa=PHE"/>
    </Options>
  </Job>
  <Job nstruct="5">
    <Output>
      <PDB path="AB[17]/Y"/>
    </Output>
    <SecondaryOutput>
      <ScoreFile path="AB[17]/Y" filename="score.sc"/>
    </SecondaryOutput>
    <Options>
      <parser__script_vars value="pos1=17,48 aa=TYR"/>
    </Options>
  </Job>
  <Job nstruct="5">
    <Output>
      <PDB path="AB[17]/W"/>
    </Output>
    <SecondaryOutput>
      <ScoreFile path="AB[17]/W" filename="score.sc"/>
    </SecondaryOutput>
    <Options>
      <parser__script_vars value="pos1=17,48 aa=TRP"/>
    </Options>
  </Job>
  <Job nstruct="5">
    <Output>
      <PDB path="AB[17]/S"/>
    </Output>
    <SecondaryOutput>
      <ScoreFile path="AB[17]/S" filename="score.sc"/>
    </SecondaryOutput>
    <Options>
      <parser__script_vars value="pos1=17,48 aa=SER"/>
    </Options>
  </Job>
  <Job nstruct="5">
    <Output>
      <PDB path="AB[17]/T"/>
    </Output>
    <SecondaryOutput>
      <ScoreFile path="AB[17]/T" filename="score.sc"/>
    </SecondaryOutput>
    <Options>
      <parser__script_vars value="pos1=17,48 aa=THR"/>
    </Options>
  </Job>
  <Job nstruct="5">
    <Output>
      <PDB path="AB[17]/N"/>
    </Output>
    <SecondaryOutput>
      <ScoreFile path="AB[17]/N" filename="score.sc"/>
    </SecondaryOutput>
    <Options>
      <parser__script_vars value="pos1=17,48 aa=ASN"/>
    </Options>
  </Job>
  <Job nstruct="5">
    <Output>
      <PDB path="AB[17]/Q"/>
    </Output>
    <SecondaryOutput>
      <ScoreFile path="AB[17]/Q" filename="score.sc"/>
    </SecondaryOutput>
    <Options>
      <parser__script_vars value="pos1=17,48 aa=GLN"/>
    </Options>
  </Job>
  <Job nstruct="5">
    <Output>
      <PDB path="AB[17]/H"/>
    </Output>
    <SecondaryOutput>
      <ScoreFile path="AB[17]/H" filename="score.sc"/>
    </SecondaryOutput>
    <Options>
      <parser__script_vars value="pos1=17,48 aa=HIS"/>
    </Options>
  </Job>
  <Job nstruct="5">
    <Output>
      <PDB path="AB[17]/K"/>
    </Output>
    <SecondaryOutput>
      <ScoreFile path="AB[17]/K" filename="score.sc"/>
    </SecondaryOutput>
    <Options>
      <parser__script_vars value="pos1=17,48 aa=LYS"/>
    </Options>
  </Job>
  <Job nstruct="5">
    <Output>
      <PDB path="AB[17]/R"/>
    </Output>
    <SecondaryOutput>
      <ScoreFile path="AB[17]/R" filename="score.sc"/>
    </SecondaryOutput>
    <Options>
      <parser__script_vars value="pos1=17,48 aa=ARG"/>
    </Options>
  </Job>
  <Job nstruct="5">
    <Output>
      <PDB path="AB[17]/D"/>
    </Output>
    <SecondaryOutput>
      <ScoreFile path="AB[17]/D" filename="score.sc"/>
    </SecondaryOutput>
    <Options>
      <parser__script_vars value="pos1=17,48 aa=ASP"/>
    </Options>
  </Job>
  <Job nstruct="5">
    <Output>
      <PDB path="AB[17]/E"/>
    </Output>
    <SecondaryOutput>
      <ScoreFile path="AB[17]/E" filename="score.sc"/>
    </SecondaryOutput>
    <Options>
      <parser__script_vars value="pos1=17,48 aa=GLU"/>
    </Options>
  </Job>
  <Job nstruct="5">
    <Output>
      <PDB path="AB[21]/G"/>
    </Output>
    <SecondaryOutput>
      <ScoreFile path="AB[21]/G" filename="score.sc"/>
    </SecondaryOutput>
    <Options>
      <parser__script_vars value="pos1=21,52 aa=GLY"/>
    </Options>
  </Job>
  <Job nstruct="5">
    <Output>
      <PDB path="AB[21]/P"/>
    </Output>
    <SecondaryOutput>
      <ScoreFile path="AB[21]/P" filename="score.sc"/>
    </SecondaryOutput>
    <Options>
      <parser__script_vars value="pos1=21,52 aa=PRO"/>
    </Options>
  </Job>
  <Job nstruct="5">
    <Output>
      <PDB path="AB[21]/C"/>
    </Output>
    <SecondaryOutput>
      <ScoreFile path="AB[21]/C" filename="score.sc"/>
    </SecondaryOutput>
    <Options>
      <parser__script_vars value="pos1=21,52 aa=CYS"/>
    </Options>
  </Job>
  <Job nstruct="5">
    <Output>
      <PDB path="AB[21]/A"/>
    </Output>
    <SecondaryOutput>
      <ScoreFile path="AB[21]/A" filename="score.sc"/>
    </SecondaryOutput>
    <Options>
      <parser__script_vars value="pos1=21,52 aa=ALA"/>
    </Options>
  </Job>
  <Job nstruct="5">
    <Output>
      <PDB path="AB[21]/V"/>
    </Output>
    <SecondaryOutput>
      <ScoreFile path="AB[21]/V" filename="score.sc"/>
    </SecondaryOutput>
    <Options>
      <parser__script_vars value="pos1=21,52 aa=VAL"/>
    </Options>
  </Job>
  <Job nstruct="5">
    <Output>
      <PDB path="AB[21]/I"/>
    </Output>
    <SecondaryOutput>
      <ScoreFile path="AB[21]/I" filename="score.sc"/>
    </SecondaryOutput>
    <Options>
      <parser__script_vars value="pos1=21,52 aa=ILE"/>
    </Options>
  </Job>
  <Job nstruct="5">
    <Output>
      <PDB path="AB[21]/L"/>
    </Output>
    <SecondaryOutput>
      <ScoreFile path="AB[21]/L" filename="score.sc"/>
    </SecondaryOutput>
    <Options>
      <parser__script_vars value="pos1=21,52 aa=LEU"/>
    </Options>
  </Job>
  <Job nstruct="5">
    <Output>
      <PDB path="AB[21]/M"/>
    </Output>
    <SecondaryOutput>
      <ScoreFile path="AB[21]/M" filename="score.sc"/>
    </SecondaryOutput>
    <Options>
      <parser__script_vars value="pos1=21,52 aa=MET"/>
    </Options>
  </Job>
  <Job nstruct="5">
    <Output>
      <PDB path="AB[21]/F"/>
    </Output>
    <SecondaryOutput>
      <ScoreFile path="AB[21]/F" filename="score.sc"/>
    </SecondaryOutput>
    <Options>
      <parser__script_vars value="pos1=21,52 aa=PHE"/>
    </Options>
  </Job>
  <Job nstruct="5">
    <Output>
      <PDB path="AB[21]/Y"/>
    </Output>
    <SecondaryOutput>
      <ScoreFile path="AB[21]/Y" filename="score.sc"/>
    </SecondaryOutput>
    <Options>
      <parser__script_vars value="pos1=21,52 aa=TYR"/>
    </Options>
  </Job>
  <Job nstruct="5">
    <Output>
      <PDB path="AB[21]/W"/>
    </Output>
    <SecondaryOutput>
      <ScoreFile path="AB[21]/W" filename="score.sc"/>
    </SecondaryOutput>
    <Options>
      <parser__script_vars value="pos1=21,52 aa=TRP"/>
    </Options>
  </Job>
  <Job nstruct="5">
    <Output>
      <PDB path="AB[21]/S"/>
    </Output>
    <SecondaryOutput>
      <ScoreFile path="AB[21]/S" filename="score.sc"/>
    </SecondaryOutput>
    <Options>
      <parser__script_vars value="pos1=21,52 aa=SER"/>
    </Options>
  </Job>
  <Job nstruct="5">
    <Output>
      <PDB path="AB[21]/T"/>
    </Output>
    <SecondaryOutput>
      <ScoreFile path="AB[21]/T" filename="score.sc"/>
    </SecondaryOutput>
    <Options>
      <parser__script_vars value="pos1=21,52 aa=THR"/>
    </Options>
  </Job>
  <Job nstruct="5">
    <Output>
      <PDB path="AB[21]/N"/>
    </Output>
    <SecondaryOutput>
      <ScoreFile path="AB[21]/N" filename="score.sc"/>
    </SecondaryOutput>
    <Options>
      <parser__script_vars value="pos1=21,52 aa=ASN"/>
    </Options>
  </Job>
  <Job nstruct="5">
    <Output>
      <PDB path="AB[21]/Q"/>
    </Output>
    <SecondaryOutput>
      <ScoreFile path="AB[21]/Q" filename="score.sc"/>
    </SecondaryOutput>
    <Options>
      <parser__script_vars value="pos1=21,52 aa=GLN"/>
    </Options>
  </Job>
  <Job nstruct="5">
    <Output>
      <PDB path="AB[21]/H"/>
    </Output>
    <SecondaryOutput>
      <ScoreFile path="AB[21]/H" filename="score.sc"/>
    </SecondaryOutput>
    <Options>
      <parser__script_vars value="pos1=21,52 aa=HIS"/>
    </Options>
  </Job>
  <Job nstruct="5">
    <Output>
      <PDB path="AB[21]/K"/>
    </Output>
    <SecondaryOutput>
      <ScoreFile path="AB[21]/K" filename="score.sc"/>
    </SecondaryOutput>
    <Options>
      <parser__script_vars value="pos1=21,52 aa=LYS"/>
    </Options>
  </Job>
  <Job nstruct="5">
    <Output>
      <PDB path="AB[21]/R"/>
    </Output>
    <SecondaryOutput>
      <ScoreFile path="AB[21]/R" filename="score.sc"/>
    </SecondaryOutput>
    <Options>
      <parser__script_vars value="pos1=21,52 aa=ARG"/>
    </Options>
  </Job>
  <Job nstruct="5">
    <Output>
      <PDB path="AB[21]/D"/>
    </Output>
    <SecondaryOutput>
      <ScoreFile path="AB[21]/D" filename="score.sc"/>
    </SecondaryOutput>
    <Options>
      <parser__script_vars value="pos1=21,52 aa=ASP"/>
    </Options>
  </Job>
  <Job nstruct="5">
    <Output>
      <PDB path="AB[21]/E"/>
    </Output>
    <SecondaryOutput>
      <ScoreFile path="AB[21]/E" filename="score.sc"/>
    </SecondaryOutput>
    <Options>
      <parser__script_vars value="pos1=21,52 aa=GLU"/>
    </Options>
  </Job>
</JobDefinitionFile> 
